Lingua,Sigma Ottimo
Italiano,0.23023169997382248
Inglese,1.3712772530515531
Tedesco,0.7590234527328666
Spagnolo,1.0312862271993133
Olandese,0.11148392060973925
Russo,0.25511623546647466
Giapponese,0.9034731182408775
Francese,0.12269995747064666
