Lingua,Sigma Ottimo
Italiano,0.8472938719938448
Inglese,0.12865651433442227
Tedesco,0.7563787539093245
Spagnolo,0.6936943273505959
Olandese,0.12661345965430693
Russo,0.2565832333201643
Giapponese,0.35272884949737293
Francese,0.5492083633899104
